jtjIwlw2BBs	[WARN] Tagged JSON decode error for jtjIwlw2BBs: Expecting ',' delimiter: line 156 column 6 (char 32971)
52GOqddWIj8	[WARN] Tagged JSON decode error for 52GOqddWIj8: Expecting ',' delimiter: line 211 column 6 (char 33543)
FaqitQt5cGc	[WARN] Tagged JSON decode error for FaqitQt5cGc: Expecting ',' delimiter: line 211 column 6 (char 33012)
HmMIJ9r2mwk	[WARN] Tagged JSON decode error for HmMIJ9r2mwk: Expecting ',' delimiter: line 222 column 6 (char 32833)
2VOyMSQ_Wgo	[WARN] Tagged JSON decode error for 2VOyMSQ_Wgo: Expecting ',' delimiter: line 398 column 6 (char 31925)
nheS-kNXJLg	[WARN] Tagged JSON decode error for nheS-kNXJLg: Expecting ',' delimiter: line 145 column 6 (char 33610)
sGLjEz_Koag	[WARN] Tagged JSON decode error for sGLjEz_Koag: Expecting ',' delimiter: line 189 column 6 (char 33518)
KTHudZWO2Ac	[WARN] Tagged JSON decode error for KTHudZWO2Ac: Expecting ',' delimiter: line 145 column 6 (char 34224)
Zq9aZj8OV-I	[WARN] Tagged JSON decode error for Zq9aZj8OV-I: Expecting ',' delimiter: line 211 column 6 (char 31655)
Wzil0t4mVgo	[WARN] Tagged JSON decode error for Wzil0t4mVgo: Expecting ',' delimiter: line 123 column 6 (char 31793)
TG64XRHZE5o	[WARN] Tagged JSON decode error for TG64XRHZE5o: Expecting ',' delimiter: line 362 column 6 (char 30319)
TD3LivaIqMA	[WARN] Tagged JSON decode error for TD3LivaIqMA: Expecting ',' delimiter: line 189 column 6 (char 32432)
2AgVcz8ve94	[WARN] Tagged JSON decode error for 2AgVcz8ve94: Expecting ',' delimiter: line 178 column 6 (char 34724)
txeoyamWwKs	[WARN] Tagged JSON decode error for txeoyamWwKs: Expecting ',' delimiter: line 243 column 6 (char 32404)
7H5hZviN3FA	[WARN] Tagged JSON decode error for 7H5hZviN3FA: Expecting ',' delimiter: line 322 column 6 (char 32216)
DYD9PHXvCXA	[WARN] Tagged JSON decode error for DYD9PHXvCXA: Expecting ',' delimiter: line 112 column 6 (char 32578)
Nms25Z1eY5w	[WARN] Tagged JSON decode error for Nms25Z1eY5w: Expecting ',' delimiter: line 266 column 6 (char 31191)
oef0Qd292OM	[WARN] Tagged JSON decode error for oef0Qd292OM: Expecting ',' delimiter: line 178 column 6 (char 34357)
aQJ9iad0NM0	[WARN] Tagged JSON decode error for aQJ9iad0NM0: Expecting ',' delimiter: line 211 column 6 (char 34319)
KHe8E-ZPO-4	[WARN] Tagged JSON decode error for KHe8E-ZPO-4: Expecting ',' delimiter: line 233 column 6 (char 31206)
YgfS_Iid9sM	[WARN] Tagged JSON decode error for YgfS_Iid9sM: Expecting ',' delimiter: line 123 column 6 (char 19380)
ey9oyqy2WvM	[WARN] Tagged JSON decode error for ey9oyqy2WvM: Expecting ',' delimiter: line 255 column 6 (char 32939)
3Eq6dt2L5mk	[WARN] Tagged JSON decode error for 3Eq6dt2L5mk: Expecting ',' delimiter: line 310 column 6 (char 31134)
oFoQ8ZSav-I	[WARN] Tagged JSON decode error for oFoQ8ZSav-I: Expecting ',' delimiter: line 178 column 6 (char 30830)
Mjw2NevLBRo	[WARN] Tagged JSON decode error for Mjw2NevLBRo: Expecting ',' delimiter: line 134 column 6 (char 33373)
6wlP6Mb2Dvw	[WARN] Tagged JSON decode error for 6wlP6Mb2Dvw: Expecting ',' delimiter: line 211 column 6 (char 33177)
0mTYD25_VLw	[WARN] Tagged JSON decode error for 0mTYD25_VLw: Expecting ',' delimiter: line 233 column 6 (char 34554)
R7S-sbd5kgU	[WARN] Tagged JSON decode error for R7S-sbd5kgU: Expecting ',' delimiter: line 344 column 6 (char 35751)
GNc7gacoWzY	[WARN] Tagged JSON decode error for GNc7gacoWzY: Expecting ',' delimiter: line 189 column 6 (char 32941)
LSkMjHU7DWM	[WARN] Tagged JSON decode error for LSkMjHU7DWM: Expecting ',' delimiter: line 167 column 6 (char 31507)
vmSxJKkqMyA	[WARN] Tagged JSON decode error for vmSxJKkqMyA: Expecting ',' delimiter: line 145 column 6 (char 30996)
1n9TqhZg8Eg	[WARN] Tagged JSON decode error for 1n9TqhZg8Eg: Expecting ',' delimiter: line 167 column 6 (char 34078)
GccuoDdnBGw	[WARN] Tagged JSON decode error for GccuoDdnBGw: Expecting ',' delimiter: line 167 column 6 (char 33475)
8E1xQmrJR0M	[WARN] Tagged JSON decode error for 8E1xQmrJR0M: Expecting ',' delimiter: line 222 column 6 (char 30975)
218L9cFM5Wk	[WARN] Tagged JSON decode error for 218L9cFM5Wk: Expecting ',' delimiter: line 310 column 6 (char 34269)
INEV6vpZpUE	[WARN] Tagged JSON decode error for INEV6vpZpUE: Expecting ',' delimiter: line 178 column 6 (char 35560)
7FF1llHdrg0	[WARN] Tagged JSON decode error for 7FF1llHdrg0: Expecting ',' delimiter: line 189 column 6 (char 31711)
AQoBPphvqz8	[WARN] Tagged JSON decode error for AQoBPphvqz8: Expecting ',' delimiter: line 211 column 6 (char 31994)
FXBujCZFnQY	[WARN] Tagged JSON decode error for FXBujCZFnQY: Expecting ',' delimiter: line 167 column 6 (char 32717)
ewOaJaDBsak	[WARN] Tagged JSON decode error for ewOaJaDBsak: Expecting ',' delimiter: line 200 column 6 (char 29773)
1CmMmO_jJKk	[WARN] Tagged JSON decode error for 1CmMmO_jJKk: Expecting ',' delimiter: line 156 column 6 (char 32722)
N8YK8REL7t0	[WARN] Tagged JSON decode error for N8YK8REL7t0: Expecting ',' delimiter: line 178 column 6 (char 32058)
iO4r2Cq9GZc	[WARN] Tagged JSON decode error for iO4r2Cq9GZc: Expecting ',' delimiter: line 255 column 6 (char 32512)
5MRimntipuw	[WARN] Tagged JSON decode error for 5MRimntipuw: Expecting ',' delimiter: line 200 column 6 (char 34077)
c_E1Fg1TnOs	[WARN] Tagged JSON decode error for c_E1Fg1TnOs: Expecting ',' delimiter: line 244 column 6 (char 31284)
zibveUdVoPA	[WARN] Tagged JSON decode error for zibveUdVoPA: Expecting ',' delimiter: line 244 column 6 (char 33303)
Mx_j6WbDJ7c	[WARN] Tagged JSON decode error for Mx_j6WbDJ7c: Expecting ',' delimiter: line 145 column 6 (char 34665)
9k_j_1KSDYg	[WARN] Tagged JSON decode error for 9k_j_1KSDYg: Expecting ',' delimiter: line 214 column 6 (char 33415)
bpXAJdRP-d4	[WARN] Tagged JSON decode error for bpXAJdRP-d4: Expecting ',' delimiter: line 200 column 6 (char 33148)
lOpYB1KdQoA	[WARN] Tagged JSON decode error for lOpYB1KdQoA: Expecting ',' delimiter: line 211 column 6 (char 32175)
PRnUMevkufE	[WARN] Tagged JSON decode error for PRnUMevkufE: Expecting ',' delimiter: line 222 column 6 (char 31638)
O8KJyOI4umg	[WARN] Tagged JSON decode error for O8KJyOI4umg: Expecting ',' delimiter: line 255 column 6 (char 32499)
mW4OIc2U99k	[WARN] Tagged JSON decode error for mW4OIc2U99k: Expecting ',' delimiter: line 178 column 6 (char 33071)
E-nMXXw1BF8	[WARN] Tagged JSON decode error for E-nMXXw1BF8: Expecting ',' delimiter: line 266 column 6 (char 31940)
-B1w4yJPzH8	[WARN] Tagged JSON decode error for -B1w4yJPzH8: Expecting ',' delimiter: line 255 column 6 (char 31478)
2u7wj9NXkbk	[WARN] Tagged JSON decode error for 2u7wj9NXkbk: Expecting ',' delimiter: line 314 column 6 (char 34327)
pd1f-WBVQec	[WARN] Tagged JSON decode error for pd1f-WBVQec: Expecting ',' delimiter: line 189 column 6 (char 32032)
p-A-VckP77c	[WARN] Tagged JSON decode error for p-A-VckP77c: Expecting ',' delimiter: line 167 column 6 (char 33650)
yMdIaIRgz-g	[WARN] Tagged JSON decode error for yMdIaIRgz-g: Expecting ',' delimiter: line 222 column 6 (char 32792)
4gqMho82fRQ	[WARN] Tagged JSON decode error for 4gqMho82fRQ: Expecting ',' delimiter: line 189 column 6 (char 34907)
5Z27WXUxcCY	[WARN] Tagged JSON decode error for 5Z27WXUxcCY: Expecting ',' delimiter: line 211 column 6 (char 31146)
D1giBxi2ovc	[WARN] Tagged JSON decode error for D1giBxi2ovc: Expecting ',' delimiter: line 178 column 6 (char 34004)
9jDvyYC8mUQ	[WARN] Tagged JSON decode error for 9jDvyYC8mUQ: Expecting ',' delimiter: line 178 column 6 (char 32023)
eLzKxHkkKGU	[WARN] Tagged JSON decode error for eLzKxHkkKGU: Expecting ',' delimiter: line 189 column 6 (char 33497)
0WMPy9sWEMs	[WARN] Tagged JSON decode error for 0WMPy9sWEMs: Expecting ',' delimiter: line 255 column 6 (char 31393)
yE33ZXCYHYw	[WARN] Tagged JSON decode error for yE33ZXCYHYw: Expecting ',' delimiter: line 290 column 6 (char 32919)
JM8-wrLDjXw	[WARN] Tagged JSON decode error for JM8-wrLDjXw: Expecting ',' delimiter: line 211 column 6 (char 32222)
37c7ip5pmuw	[WARN] Tagged JSON decode error for 37c7ip5pmuw: Expecting ',' delimiter: line 200 column 6 (char 34423)
S9Nfm8KMcZc	[WARN] Tagged JSON decode error for S9Nfm8KMcZc: Expecting ',' delimiter: line 211 column 6 (char 29612)
9qz9Xp1h9WA	[WARN] Tagged JSON decode error for 9qz9Xp1h9WA: Expecting ',' delimiter: line 189 column 6 (char 35061)
opBl_lcYU5Y	[WARN] Tagged JSON decode error for opBl_lcYU5Y: Expecting ',' delimiter: line 189 column 6 (char 34973)
P5-M-m4B1PY	[WARN] Tagged JSON decode error for P5-M-m4B1PY: Expecting ',' delimiter: line 178 column 6 (char 33844)
fBkvM-PyWrU	[WARN] Tagged JSON decode error for fBkvM-PyWrU: Expecting ',' delimiter: line 398 column 6 (char 32359)
Aq8FbtXc0p0	[WARN] Tagged JSON decode error for Aq8FbtXc0p0: Expecting ',' delimiter: line 189 column 6 (char 35087)
H9JkWxXdI3w	[WARN] Tagged JSON decode error for H9JkWxXdI3w: Expecting ',' delimiter: line 203 column 6 (char 29702)
AN0Io1sU7_g	[WARN] No tagged JSON block found for AN0Io1sU7_g
nSDpYTKS9bc	[WARN] Tagged JSON decode error for nSDpYTKS9bc: Expecting ',' delimiter: line 255 column 6 (char 31768)
9Mb2l1YFPX0	[WARN] Tagged JSON decode error for 9Mb2l1YFPX0: Expecting ',' delimiter: line 255 column 6 (char 31188)
to0qk6Fj8A8	[WARN] Tagged JSON decode error for to0qk6Fj8A8: Expecting ',' delimiter: line 200 column 6 (char 32965)
2rt55RBlTDk	[WARN] Tagged JSON decode error for 2rt55RBlTDk: Expecting ',' delimiter: line 233 column 6 (char 32424)
HdPMySPtJv4	[WARN] Tagged JSON decode error for HdPMySPtJv4: Expecting ',' delimiter: line 292 column 6 (char 31788)
2tyr7PYsMp8	[WARN] Tagged JSON decode error for 2tyr7PYsMp8: Expecting ',' delimiter: line 211 column 6 (char 33681)
-Zp1jWkwYFo	[WARN] Tagged JSON decode error for -Zp1jWkwYFo: Expecting ',' delimiter: line 167 column 6 (char 33178)
7V6VaGltgPY	[WARN] Tagged JSON decode error for 7V6VaGltgPY: Expecting ',' delimiter: line 211 column 6 (char 33931)
0ZKatj4q1Bg	[WARN] Tagged JSON decode error for 0ZKatj4q1Bg: Expecting ',' delimiter: line 112 column 6 (char 34161)
9m8J1hcpex4	[WARN] Tagged JSON decode error for 9m8J1hcpex4: Expecting ',' delimiter: line 233 column 6 (char 31957)
9kiQ1f9Y8LA	[WARN] Tagged JSON decode error for 9kiQ1f9Y8LA: Expecting ',' delimiter: line 189 column 6 (char 32566)
7M-mLHpRhfk	[WARN] Tagged JSON decode error for 7M-mLHpRhfk: Expecting ',' delimiter: line 134 column 6 (char 31915)
AQyKZSLr9Os	[WARN] Tagged JSON decode error for AQyKZSLr9Os: Expecting ',' delimiter: line 90 column 6 (char 18075)
tF-58Tj0uME	[WARN] Tagged JSON decode error for tF-58Tj0uME: Expecting ',' delimiter: line 200 column 6 (char 33517)
f_wiIfJJMok	[WARN] Tagged JSON decode error for f_wiIfJJMok: Expecting ',' delimiter: line 178 column 6 (char 32651)
ijAqLg80xz4	[WARN] Tagged JSON decode error for ijAqLg80xz4: Expecting ',' delimiter: line 380 column 6 (char 31966)
CcyCWSidAqo	[WARN] Tagged JSON decode error for CcyCWSidAqo: Expecting ',' delimiter: line 178 column 6 (char 32444)
1f5z4GPrd6k	[WARN] Tagged JSON decode error for 1f5z4GPrd6k: Expecting ',' delimiter: line 222 column 6 (char 33116)
TJTn0IJoxRE	[WARN] Tagged JSON decode error for TJTn0IJoxRE: Expecting ',' delimiter: line 156 column 6 (char 27312)
Cipl8AGhUlM	[WARN] Tagged JSON decode error for Cipl8AGhUlM: Expecting ',' delimiter: line 156 column 6 (char 34135)
xuVstCHcGJE	[WARN] Tagged JSON decode error for xuVstCHcGJE: Expecting ',' delimiter: line 372 column 6 (char 31173)
wS1puVFh_mQ	[WARN] Tagged JSON decode error for wS1puVFh_mQ: Expecting ',' delimiter: line 101 column 6 (char 24780)
RD9Gq3ImnME	[WARN] Tagged JSON decode error for RD9Gq3ImnME: Expecting ',' delimiter: line 189 column 6 (char 34701)
oSdXn7olIeY	[WARN] Tagged JSON decode error for oSdXn7olIeY: Expecting ',' delimiter: line 200 column 6 (char 31380)
xy0njl-QK-A	[WARN] Tagged JSON decode error for xy0njl-QK-A: Expecting ',' delimiter: line 189 column 6 (char 32745)
4QbIuTyYwCc	[WARN] Tagged JSON decode error for 4QbIuTyYwCc: Expecting ',' delimiter: line 123 column 6 (char 34925)
qAgYUIXrGTc	[WARN] Tagged JSON decode error for qAgYUIXrGTc: Expecting ',' delimiter: line 244 column 6 (char 32785)
bCyuPt_3TLU	[WARN] Tagged JSON decode error for bCyuPt_3TLU: Expecting ',' delimiter: line 189 column 6 (char 34369)
Mw4Wpx13HUw	[WARN] Tagged JSON decode error for Mw4Wpx13HUw: Expecting ',' delimiter: line 112 column 6 (char 29011)
nHOaDWNg_Is	[WARN] Tagged JSON decode error for nHOaDWNg_Is: Expecting ',' delimiter: line 178 column 6 (char 34802)
irID2uAh7lY	[WARN] Tagged JSON decode error for irID2uAh7lY: Expecting ',' delimiter: line 222 column 6 (char 32613)
1ZErQDx4KV0	[WARN] Tagged JSON decode error for 1ZErQDx4KV0: Expecting ',' delimiter: line 244 column 6 (char 32987)
mP4llS4aXh4	[WARN] Tagged JSON decode error for mP4llS4aXh4: Expecting ',' delimiter: line 189 column 6 (char 33476)
zVRzPvgNIYg	[WARN] Tagged JSON decode error for zVRzPvgNIYg: Expecting ',' delimiter: line 200 column 6 (char 31495)
wpbpRRajObg	[WARN] Tagged JSON decode error for wpbpRRajObg: Expecting ',' delimiter: line 178 column 6 (char 33827)
4UHWxKTctS4	[WARN] Tagged JSON decode error for 4UHWxKTctS4: Expecting ',' delimiter: line 222 column 6 (char 32735)
YcYC73kJBdc	[WARN] Tagged JSON decode error for YcYC73kJBdc: Expecting ',' delimiter: line 211 column 6 (char 33559)
zPPH4x2SRRU	[WARN] Tagged JSON decode error for zPPH4x2SRRU: Expecting ',' delimiter: line 24 column 6 (char 5743)
mKL3399ATIc	[WARN] Tagged JSON decode error for mKL3399ATIc: Expecting ',' delimiter: line 200 column 6 (char 32524)
DFwpRm7S9ks	[WARN] Tagged JSON decode error for DFwpRm7S9ks: Expecting ',' delimiter: line 189 column 6 (char 31858)
XLaAtB67aPQ	[WARN] Tagged JSON decode error for XLaAtB67aPQ: Invalid control character at: line 12 column 5510 (char 6064)
rdRF7G7EG7g	[WARN] Tagged JSON decode error for rdRF7G7EG7g: Expecting ',' delimiter: line 447 column 6 (char 32143)
SgNHnFQL5cs	[WARN] Tagged JSON decode error for SgNHnFQL5cs: Expecting ',' delimiter: line 211 column 6 (char 31718)
2Nc1yR31YuI	[WARN] Tagged JSON decode error for 2Nc1yR31YuI: Expecting ',' delimiter: line 244 column 6 (char 32225)
3_Vjx52LTZo	[WARN] Tagged JSON decode error for 3_Vjx52LTZo: Expecting ',' delimiter: line 202 column 6 (char 32024)
sRz4osFTV98	[WARN] Tagged JSON decode error for sRz4osFTV98: Expecting ',' delimiter: line 167 column 6 (char 33497)
34UwCtltuAQ	[WARN] Tagged JSON decode error for 34UwCtltuAQ: Expecting ',' delimiter: line 189 column 6 (char 34906)
8k5rtFdLJno	[WARN] Tagged JSON decode error for 8k5rtFdLJno: Expecting ',' delimiter: line 200 column 6 (char 34578)
mSk1fo0bmmE	[WARN] Tagged JSON decode error for mSk1fo0bmmE: Expecting ',' delimiter: line 222 column 6 (char 34115)
QY5am9TXLew	[WARN] Tagged JSON decode error for QY5am9TXLew: Expecting ',' delimiter: line 156 column 6 (char 34404)
rcgQZA5aLT0	[WARN] Tagged JSON decode error for rcgQZA5aLT0: Expecting ',' delimiter: line 189 column 6 (char 32443)
oem-P51ETjo	[WARN] Tagged JSON decode error for oem-P51ETjo: Expecting ',' delimiter: line 156 column 6 (char 33401)
xYuEHCq--FA	[WARN] Tagged JSON decode error for xYuEHCq--FA: Expecting ',' delimiter: line 156 column 6 (char 33061)
T1mwHzczMM8	[WARN] Tagged JSON decode error for T1mwHzczMM8: Expecting ',' delimiter: line 244 column 6 (char 33380)
QTy8CMriXqU	[WARN] Tagged JSON decode error for QTy8CMriXqU: Expecting ',' delimiter: line 233 column 6 (char 32778)
GFHkEL1Sipk	[WARN] Tagged JSON decode error for GFHkEL1Sipk: Expecting ',' delimiter: line 178 column 6 (char 33414)
UR5C2fA6teI	[WARN] Tagged JSON decode error for UR5C2fA6teI: Expecting ',' delimiter: line 112 column 6 (char 32901)
MVo8wPtN4eA	[WARN] Tagged JSON decode error for MVo8wPtN4eA: Expecting ',' delimiter: line 167 column 6 (char 35213)
hrQx-SpeVPU	[WARN] Tagged JSON decode error for hrQx-SpeVPU: Expecting ',' delimiter: line 233 column 6 (char 34185)
Nf67atcHW8M	[WARN] Tagged JSON decode error for Nf67atcHW8M: Expecting ',' delimiter: line 156 column 6 (char 32086)
QXKCjGn45o4	[WARN] Tagged JSON decode error for QXKCjGn45o4: Expecting ',' delimiter: line 211 column 6 (char 32478)
txX01AjDsTQ	[WARN] Tagged JSON decode error for txX01AjDsTQ: Expecting ',' delimiter: line 255 column 6 (char 32605)
oGSs1r_6m6E	[WARN] Tagged JSON decode error for oGSs1r_6m6E: Expecting ',' delimiter: line 189 column 6 (char 32688)
BvZpRjl_uWs	[WARN] Tagged JSON decode error for BvZpRjl_uWs: Expecting ',' delimiter: line 233 column 6 (char 33352)
Qgz1f2m93Io	[WARN] Tagged JSON decode error for Qgz1f2m93Io: Expecting ',' delimiter: line 211 column 6 (char 32766)
ARRiIBi5l7I	[WARN] Tagged JSON decode error for ARRiIBi5l7I: Expecting ',' delimiter: line 233 column 6 (char 31778)
eUMUuoU-WE4	[WARN] Tagged JSON decode error for eUMUuoU-WE4: Expecting ',' delimiter: line 200 column 6 (char 34087)
i5ImCRHRxU8	[WARN] Tagged JSON decode error for i5ImCRHRxU8: Expecting ',' delimiter: line 156 column 6 (char 32979)
xZDAEDOXf9A	[WARN] Tagged JSON decode error for xZDAEDOXf9A: Expecting ',' delimiter: line 211 column 6 (char 31811)
-PoWxCQ6itk	[WARN] Tagged JSON decode error for -PoWxCQ6itk: Expecting ',' delimiter: line 277 column 6 (char 28797)
DfjDADmpF_I	[WARN] Tagged JSON decode error for DfjDADmpF_I: Expecting ',' delimiter: line 123 column 6 (char 35581)
eCCn4trqYFc	[WARN] Tagged JSON decode error for eCCn4trqYFc: Expecting ',' delimiter: line 233 column 6 (char 33724)
dpwrS_9yWJo	[WARN] Tagged JSON decode error for dpwrS_9yWJo: Expecting ',' delimiter: line 200 column 6 (char 32225)
3GWRLrkxmYM	[WARN] Tagged JSON decode error for 3GWRLrkxmYM: Expecting ',' delimiter: line 233 column 6 (char 31680)
DHqk0rATFL4	[WARN] Tagged JSON decode error for DHqk0rATFL4: Expecting ',' delimiter: line 200 column 6 (char 33635)
rCW0YGss-eo	[WARN] Tagged JSON decode error for rCW0YGss-eo: Expecting ',' delimiter: line 347 column 6 (char 33253)
47lhlQ1UMMs	[WARN] Tagged JSON decode error for 47lhlQ1UMMs: Expecting ',' delimiter: line 233 column 6 (char 33357)
xQNqH9zvCXQ	[WARN] Tagged JSON decode error for xQNqH9zvCXQ: Expecting ',' delimiter: line 211 column 6 (char 31615)
B5ZGqlvV19Y	[WARN] Tagged JSON decode error for B5ZGqlvV19Y: Expecting ',' delimiter: line 277 column 6 (char 33362)
2I5lPlBUOIU	[WARN] Tagged JSON decode error for 2I5lPlBUOIU: Expecting ',' delimiter: line 167 column 6 (char 33404)
4pPYmm9wJI0	[WARN] Tagged JSON decode error for 4pPYmm9wJI0: Expecting ',' delimiter: line 211 column 6 (char 31052)
53Ag6IKI5UQ	[WARN] Tagged JSON decode error for 53Ag6IKI5UQ: Expecting ',' delimiter: line 189 column 6 (char 33310)
zjqGbzcs3gg	[WARN] Tagged JSON decode error for zjqGbzcs3gg: Expecting ',' delimiter: line 277 column 6 (char 32003)
9k4VXR5266c	[WARN] Tagged JSON decode error for 9k4VXR5266c: Expecting ',' delimiter: line 211 column 6 (char 31176)
z5V3r_rZIAQ	[WARN] Tagged JSON decode error for z5V3r_rZIAQ: Expecting ',' delimiter: line 178 column 6 (char 32581)
fiMd-5_Ob90	[WARN] Tagged JSON decode error for fiMd-5_Ob90: Expecting ',' delimiter: line 189 column 6 (char 33114)
zJBroLaZLu8	[WARN] Tagged JSON decode error for zJBroLaZLu8: Expecting ',' delimiter: line 156 column 6 (char 35057)
Sm4p6C6LUig	[WARN] Tagged JSON decode error for Sm4p6C6LUig: Expecting ',' delimiter: line 288 column 6 (char 31751)
1sZaBCmjaYQ	[WARN] Tagged JSON decode error for 1sZaBCmjaYQ: Expecting ',' delimiter: line 281 column 6 (char 32981)
goTACIX3zuw	[WARN] Tagged JSON decode error for goTACIX3zuw: Expecting ',' delimiter: line 200 column 6 (char 32559)
m4tGbKgmLvw	[WARN] Tagged JSON decode error for m4tGbKgmLvw: Expecting ',' delimiter: line 321 column 6 (char 32139)
tVHd_GmNbh8	[WARN] Tagged JSON decode error for tVHd_GmNbh8: Expecting ',' delimiter: line 189 column 6 (char 33649)
0IWUHOTTNC0	[WARN] Tagged JSON decode error for 0IWUHOTTNC0: Expecting ',' delimiter: line 233 column 6 (char 33764)
wp2jExojDDU	[WARN] Tagged JSON decode error for wp2jExojDDU: Expecting ',' delimiter: line 244 column 6 (char 31282)
DQYfjvpJSj4	[WARN] Tagged JSON decode error for DQYfjvpJSj4: Expecting ',' delimiter: line 35 column 6 (char 19151)
Fu7eHNYYyHE	[WARN] Tagged JSON decode error for Fu7eHNYYyHE: Expecting ',' delimiter: line 366 column 6 (char 31564)
xAGKTxpgXiE	[WARN] Tagged JSON decode error for xAGKTxpgXiE: Expecting ',' delimiter: line 334 column 6 (char 34638)
sA7dgJjc4rk	[WARN] Tagged JSON decode error for sA7dgJjc4rk: Expecting ',' delimiter: line 189 column 6 (char 32449)
ZyiAShpZT7k	[WARN] Tagged JSON decode error for ZyiAShpZT7k: Expecting ',' delimiter: line 167 column 6 (char 32460)
EmlcTpLJkh8	[WARN] Tagged JSON decode error for EmlcTpLJkh8: Expecting ',' delimiter: line 211 column 6 (char 31667)
-GhND-zjUwg	[WARN] Tagged JSON decode error for -GhND-zjUwg: Expecting ',' delimiter: line 145 column 6 (char 34460)
-Wb_rWgHqww	[WARN] Tagged JSON decode error for -Wb_rWgHqww: Expecting ',' delimiter: line 189 column 6 (char 31353)
ZQJ8JEmcW0Q	[WARN] Tagged JSON decode error for ZQJ8JEmcW0Q: Expecting ',' delimiter: line 167 column 6 (char 33998)
1N7L9-U3Fl0	[WARN] Tagged JSON decode error for 1N7L9-U3Fl0: Expecting ',' delimiter: line 222 column 6 (char 33882)
m6qtPxtFAh0	[WARN] Tagged JSON decode error for m6qtPxtFAh0: Expecting ',' delimiter: line 200 column 6 (char 34376)
-AolZeLrTXQ	[WARN] Tagged JSON decode error for -AolZeLrTXQ: Expecting ',' delimiter: line 13 column 6 (char 1562)
YpQtfOobF9I	[WARN] Tagged JSON decode error for YpQtfOobF9I: Expecting ',' delimiter: line 244 column 6 (char 32469)
b4SP84ASur8	[WARN] Tagged JSON decode error for b4SP84ASur8: Expecting ',' delimiter: line 145 column 6 (char 35318)
DL2jxxsV-FA	[WARN] Tagged JSON decode error for DL2jxxsV-FA: Expecting ',' delimiter: line 178 column 6 (char 32877)
79mblDROb6U	[WARN] Tagged JSON decode error for 79mblDROb6U: Expecting ',' delimiter: line 233 column 6 (char 32714)
X1y5oEBIu9k	[WARN] Tagged JSON decode error for X1y5oEBIu9k: Expecting ',' delimiter: line 167 column 6 (char 31965)
GfUDt1aqSDA	[WARN] Tagged JSON decode error for GfUDt1aqSDA: Expecting ',' delimiter: line 189 column 6 (char 32375)
NJ8dSEFQ9SI	[WARN] Tagged JSON decode error for NJ8dSEFQ9SI: Expecting ',' delimiter: line 134 column 6 (char 31599)
P4vGNGx0lFk	[WARN] Tagged JSON decode error for P4vGNGx0lFk: Expecting ',' delimiter: line 178 column 6 (char 35715)
4Vb0SrJwC3k	[WARN] Tagged JSON decode error for 4Vb0SrJwC3k: Expecting ',' delimiter: line 244 column 6 (char 32257)
2dxdhsZPvsg	[WARN] Tagged JSON decode error for 2dxdhsZPvsg: Expecting ',' delimiter: line 189 column 6 (char 33958)
N4em7bSs-OE	[WARN] Tagged JSON decode error for N4em7bSs-OE: Expecting ',' delimiter: line 178 column 6 (char 32414)
SqSgsKehYQI	[WARN] Tagged JSON decode error for SqSgsKehYQI: Expecting ',' delimiter: line 200 column 6 (char 28927)
BnXZAWkijXQ	[WARN] Tagged JSON decode error for BnXZAWkijXQ: Expecting ',' delimiter: line 273 column 6 (char 33179)
8PrjspdH0Sw	[WARN] Tagged JSON decode error for 8PrjspdH0Sw: Expecting ',' delimiter: line 156 column 6 (char 34432)
EKiUi9ClDW0	[WARN] Tagged JSON decode error for EKiUi9ClDW0: Expecting ',' delimiter: line 189 column 6 (char 32792)
bvk1HhxuiCg	[WARN] Tagged JSON decode error for bvk1HhxuiCg: Expecting ',' delimiter: line 365 column 6 (char 31099)
RBJEQq12_F8	[WARN] Tagged JSON decode error for RBJEQq12_F8: Expecting ',' delimiter: line 134 column 6 (char 31502)
3yE6RJ4IflI	[WARN] Tagged JSON decode error for 3yE6RJ4IflI: Expecting ',' delimiter: line 101 column 6 (char 33677)
e7m8EolgG4k	[WARN] Tagged JSON decode error for e7m8EolgG4k: Expecting ',' delimiter: line 200 column 6 (char 31959)
JGJcFBuz4gk	[WARN] Tagged JSON decode error for JGJcFBuz4gk: Expecting ',' delimiter: line 233 column 6 (char 33377)
N7Sp-7Etfco	[WARN] Tagged JSON decode error for N7Sp-7Etfco: Expecting ',' delimiter: line 211 column 6 (char 31547)
6az3lopn0ho	[WARN] Tagged JSON decode error for 6az3lopn0ho: Expecting ',' delimiter: line 233 column 6 (char 31900)
SXs1lpG0rUo	[WARN] Tagged JSON decode error for SXs1lpG0rUo: Expecting ',' delimiter: line 200 column 6 (char 33427)
XI-G8rTjfrk	[WARN] Tagged JSON decode error for XI-G8rTjfrk: Expecting ',' delimiter: line 234 column 6 (char 33482)
7buqG0G64tI	[WARN] Tagged JSON decode error for 7buqG0G64tI: Expecting ',' delimiter: line 222 column 6 (char 34068)
a1cWlX8SDPI	[WARN] Tagged JSON decode error for a1cWlX8SDPI: Expecting ',' delimiter: line 288 column 6 (char 33673)
-Bclb_Qg6zk	[WARN] Tagged JSON decode error for -Bclb_Qg6zk: Expecting ',' delimiter: line 452 column 6 (char 31852)
x9oIHHhOdJs	[WARN] Tagged JSON decode error for x9oIHHhOdJs: Expecting ',' delimiter: line 222 column 6 (char 33086)
nIJj9zl5HIE	[WARN] Tagged JSON decode error for nIJj9zl5HIE: Expecting ',' delimiter: line 112 column 6 (char 33844)
0BaJirgBr3Y	[WARN] Tagged JSON decode error for 0BaJirgBr3Y: Expecting ',' delimiter: line 112 column 6 (char 34829)
